"cosit","class","year","month","day","VehicleCount"
"000000001022","1","2019","2","4","43"
"000000001054","5","2019","2","4","159"
"000000001261","3","2019","2","4","903"
"000000001504","3","2019","2","4","15914"
"000000001632","3","2019","2","4","480"
"000000015012","6","2019","2","4","1347"
"000000020047","3","2019","2","4","9829"
"000000020061","3","2019","2","4","1790"
"000000020081","4","2019","2","4","65"
"000000020083","3","2019","2","4","1614"
"000000020084","2","2019","2","4","9353"
"000000020212","3","2019","2","4","2041"
"000000020243","6","2019","2","4","513"
"000000200716","2","2019","2","4","7934"
"000000001624","2","2019","2","4","3534"
"000000020601","2","2019","2","4","4790"
"000000001201","3","2019","2","4","1204"
"000000001801","6","2019","2","4","206"
"000000020093","4","2019","2","4","92"
"000000020525","1","2019","2","4","17"
"000000001071","1","2019","2","4","306"
"000000020222","4","2019","2","4","110"
"000000001045","7","2019","2","4","86"
"000000001221","1","2019","2","4","35"
"000000020811","7","2019","2","4","64"
"000000020034","1","2019","2","4","19"
"000000001782","4","2019","2","4","19"
"000000202301","0","2019","2","4","1"
"000000020258","0","2019","2","4","3"
"000000001251","0","2019","2","4","1"
"000000001131","3","2019","2","4","832"
"000000015002","4","2019","2","4","387"
"000000020087","2","2019","2","4","11631"
"000000020181","6","2019","2","4","621"
"000000020523","2","2019","2","4","10891"
"000000020525","5","2019","2","4","414"
"000000202104","6","2019","2","4","315"
"000000001621","6","2019","2","4","295"
"000000020181","3","2019","2","4","2144"
"000000001552","3","2019","2","4","485"
"000000001624","6","2019","2","4","212"
"000000020046","4","2019","2","4","21"
"000000001161","3","2019","2","4","242"
"000000001803","3","2019","2","4","760"
"000000020089","4","2019","2","4","71"
"000000200715","7","2019","2","4","82"
"000000201081","7","2019","2","4","51"
"000000001022","5","2019","2","4","299"
"000000001541","4","2019","2","4","43"
"000000001251","4","2019","2","4","178"
"000000001282","7","2019","2","4","45"
"000000202301","7","2019","2","4","22"
"000000020511","1","2019","2","4","14"
"000000001671","5","2019","2","4","18"
"000000001034","0","2019","2","4","8"
"000000001258","0","2019","2","4","11"
"000000003807","4","2019","2","4","1"
"000000020256","0","2019","2","4","1"
"000000001113","0","2019","2","4","2"
"000000001015","4","2019","2","4","528"
"000000001023","6","2019","2","4","1334"
"000000001071","5","2019","2","4","1825"
"000000001171","6","2019","2","4","233"
"000000001255","2","2019","2","4","37766"
"000000020012","4","2019","2","4","608"
"000000020013","5","2019","2","4","961"
"000000020041","3","2019","2","4","5913"
"000000020062","2","2019","2","4","14504"
"000000020204","3","2019","2","4","1834"
"000000020254","2","2019","2","4","32434"
"000000200718","3","2019","2","4","1353"
"000000001133","5","2019","2","4","255"
"000000001506","6","2019","2","4","1892"
"000000003803","3","2019","2","4","1636"
"000000001042","3","2019","2","4","832"
"000000001132","5","2019","2","4","450"
"000000001811","6","2019","2","4","380"
"000000202104","3","2019","2","4","996"
"000000020021","1","2019","2","4","398"
"000000001541","7","2019","2","4","73"
"000000020258","4","2019","2","4","250"
"000000020211","1","2019","2","4","17"
"000000001502","1","2019","2","4","365"
"000000020171","1","2019","2","4","22"
"000000020082","7","2019","2","4","50"
"000000001712","7","2019","2","4","99"
"000000001715","4","2019","2","4","31"
"000000020701","1","2019","2","4","2"
"000000001781","7","2019","2","4","30"
"000000001542","1","2019","2","4","3"
"000000015010","0","2019","2","4","1"
"000000031021","1","2019","2","4","14"
"000000020071","0","2019","2","4","1"
"000000001731","4","2019","2","4","1"
"000000020019","0","2019","2","4","1"
"000000001015","6","2019","2","4","4935"
"000000001056","2","2019","2","4","2689"
"000000001502","3","2019","2","4","19124"
"000000001524","6","2019","2","4","498"
"000000001542","3","2019","2","4","469"
"000000015002","6","2019","2","4","4893"
"000000020021","3","2019","2","4","4860"
"000000020046","6","2019","2","4","380"
"000000020062","4","2019","2","4","200"
"000000020086","2","2019","2","4","13391"
"000000020087","4","2019","2","4","105"
"000000020253","2","2019","2","4","9689"
"000000020591","2","2019","2","4","2154"
"000000001036","2","2019","2","4","5191"
"000000003803","5","2019","2","4","426"
"000000020526","5","2019","2","4","195"
"000000020621","5","2019","2","4","239"
"000000001551","7","2019","2","4","66"
"000000015001","1","2019","2","4","250"
"000000020701","3","2019","2","4","345"
"000000202103","6","2019","2","4","243"
"000000031021","3","2019","2","4","351"
"000000020701","6","2019","2","4","36"
"000000001031","1","2019","2","4","3"
"000000020242","1","2019","2","4","9"
"000000020085","7","2019","2","4","92"
"000000001052","1","2019","2","4","48"
"000000020611","7","2019","2","4","47"
"000000001715","6","2019","2","4","45"
"000000020182","1","2019","2","4","29"
"000000001723","1","2019","2","4","28"
"000000001681","1","2019","2","4","4"
"000000001051","1","2019","2","4","10"
"000000001034","2","2019","2","4","64791"
"000000001521","6","2019","2","4","497"
"000000001531","3","2019","2","4","574"
"000000020032","2","2019","2","4","6570"
"000000020065","6","2019","2","4","1143"
"000000020202","2","2019","2","4","11477"
"000000020211","3","2019","2","4","1108"
"000000020511","3","2019","2","4","827"
"000000200171","2","2019","2","4","18295"
"000000001211","2","2019","2","4","7581"
"000000001731","6","2019","2","4","277"
"000000020254","4","2019","2","4","221"
"000000001042","5","2019","2","4","132"
"000000020075","1","2019","2","4","75"
"000000020171","3","2019","2","4","1008"
"000000020204","5","2019","2","4","513"
"000000001255","4","2019","2","4","125"
"000000020092","7","2019","2","4","149"
"000000020523","4","2019","2","4","74"
"000000020812","5","2019","2","4","60"
"000000020031","7","2019","2","4","51"
"000000001692","7","2019","2","4","42"
"000000001501","0","2019","2","4","9"
"000000001161","5","2019","2","4","81"
"000000001722","1","2019","2","4","8"
"000000001173","1","2019","2","4","24"
"000000001011","0","2019","2","4","1"
"000000001311","2","2019","2","4","10561"
"000000001505","3","2019","2","4","12288"
"000000015012","3","2019","2","4","6110"
"000000020063","5","2019","2","4","414"
"000000020112","3","2019","2","4","6429"
"000000020116","6","2019","2","4","747"
"000000020119","5","2019","2","4","1251"
"000000020151","2","2019","2","4","5420"
"000000020184","4","2019","2","4","258"
"000000200714","3","2019","2","4","983"
"000000200722","2","2019","2","4","23502"
"000000200811","2","2019","2","4","31199"
"000000001592","2","2019","2","4","1618"
"000000001081","1","2019","2","4","117"
"000000020064","1","2019","2","4","74"
"000000020908","4","2019","2","4","89"
"000000001092","4","2019","2","4","85"
"000000001121","3","2019","2","4","494"
"000000020024","5","2019","2","4","215"
"000000020241","7","2019","2","4","76"
"000000001141","5","2019","2","4","273"
"000000001243","1","2019","2","4","13"
"000000020257","1","2019","2","4","244"
"000000003805","6","2019","2","4","45"
"000000001561","6","2019","2","4","201"
"000000001871","3","2019","2","4","208"
"000000020563","7","2019","2","4","64"
"000000003805","3","2019","2","4","158"
"000000001256","4","2019","2","4","102"
"000000001058","7","2019","2","4","28"
"000000020301","1","2019","2","4","47"
"000000020908","7","2019","2","4","75"
"000000020115","7","2019","2","4","123"
"000000001782","1","2019","2","4","15"
"000000003173","1","2019","2","4","10"
"000000001594","6","2019","2","4","27"
"000000001055","1","2019","2","4","14"
"000000001132","0","2019","2","4","1"
"000000001015","3","2019","2","4","5141"
"000000001023","5","2019","2","4","486"
"000000001033","2","2019","2","4","50581"
"000000001113","2","2019","2","4","66023"
"000000001171","5","2019","2","4","213"
"000000001258","2","2019","2","4","63359"
"000000001282","6","2019","2","4","663"
"000000015010","2","2019","2","4","57746"
"000000020012","3","2019","2","4","8988"
"000000020012","6","2019","2","4","3419"
"000000020016","2","2019","2","4","16553"
"000000020046","3","2019","2","4","954"
"000000020071","2","2019","2","4","57158"
"000000020078","2","2019","2","4","20951"
"000000020082","6","2019","2","4","413"
"000000020089","6","2019","2","4","1566"
"000000020091","2","2019","2","4","17300"
"000000020256","2","2019","2","4","34108"
"000000020258","3","2019","2","4","6356"
"000000001508","4","2019","2","4","703"
"000000020181","5","2019","2","4","391"
"000000020254","1","2019","2","4","205"
"000000202301","6","2019","2","4","134"
"000000001255","1","2019","2","4","80"
"000000001781","6","2019","2","4","61"
"000000001551","4","2019","2","4","29"
"000000001624","5","2019","2","4","104"
"000000001803","5","2019","2","4","139"
"000000001042","7","2019","2","4","44"
"000000001692","4","2019","2","4","19"
"000000020621","7","2019","2","4","66"
"000000020523","1","2019","2","4","55"
"000000020812","7","2019","2","4","59"
"000000020087","1","2019","2","4","22"
"000000020062","1","2019","2","4","18"
"000000020611","4","2019","2","4","38"
"000000003807","3","2019","2","4","13"
"000000001242","0","2019","2","4","2"
"000000001271","0","2019","2","4","1"
"000000001024","6","2019","2","4","1095"
"000000001025","2","2019","2","4","6521"
"000000001043","3","2019","2","4","1674"
"000000001043","6","2019","2","4","1374"
"000000001070","6","2019","2","4","3652"
"000000001072","5","2019","2","4","3429"
"000000001112","2","2019","2","4","9927"
"000000001312","4","2019","2","4","115"
"000000001631","5","2019","2","4","112"
"000000001691","2","2019","2","4","5675"
"000000001741","3","2019","2","4","564"
"000000003181","2","2019","2","4","9404"
"000000020022","6","2019","2","4","2062"
"000000020111","3","2019","2","4","7558"
"000000020112","6","2019","2","4","1164"
"000000020114","2","2019","2","4","16613"
"000000020186","2","2019","2","4","10506"
"000000020201","3","2019","2","4","2407"
"000000020203","2","2019","2","4","23735"
"000000020521","5","2019","2","4","147"
"000000020802","6","2019","2","4","427"
"000000020861","2","2019","2","4","2429"
"000000020906","2","2019","2","4","11974"
"000000001014","1","2019","2","4","569"
"000000001044","1","2019","2","4","175"
"000000001053","5","2019","2","4","115"
"000000201082","6","2019","2","4","673"
"000000001045","4","2019","2","4","141"
"000000001801","3","2019","2","4","566"
"000000020243","3","2019","2","4","1883"
"000000200711","3","2019","2","4","399"
"000000001511","2","2019","2","4","4032"
"000000020113","2","2019","2","4","739"
"000000200717","7","2019","2","4","65"
"000000001035","4","2019","2","4","54"
"000000001622","5","2019","2","4","138"
"000000020205","7","2019","2","4","103"
"000000020222","1","2019","2","4","47"
"000000001812","4","2019","2","4","90"
"000000001182","7","2019","2","4","54"
"000000020093","1","2019","2","4","24"
"000000020081","1","2019","2","4","23"
"000000020562","7","2019","2","4","23"
"000000001851","6","2019","2","4","50"
"000000020184","7","2019","2","4","156"
"000000003111","1","2019","2","4","20"
"000000020811","4","2019","2","4","18"
"000000001751","7","2019","2","4","33"
"000000001131","5","2019","2","4","202"
"000000001524","3","2019","2","4","1123"
"000000001541","6","2019","2","4","459"
"000000001552","5","2019","2","4","136"
"000000001621","5","2019","2","4","220"
"000000001717","2","2019","2","4","2010"
"000000015002","3","2019","2","4","9555"
"000000020019","2","2019","2","4","24863"
"000000020041","5","2019","2","4","1388"
"000000020085","4","2019","2","4","122"
"000000020089","3","2019","2","4","1245"
"000000020118","2","2019","2","4","27305"
"000000020185","2","2019","2","4","9010"
"000000020258","6","2019","2","4","1782"
"000000020524","2","2019","2","4","6347"
"000000201081","6","2019","2","4","728"
"000000001251","6","2019","2","4","608"
"000000001521","3","2019","2","4","990"
"000000001651","2","2019","2","4","2685"
"000000020065","3","2019","2","4","3503"
"000000020067","2","2019","2","4","3025"
"000000020092","4","2019","2","4","113"
"000000001251","3","2019","2","4","1064"
"000000001715","3","2019","2","4","704"
"000000001731","3","2019","2","4","294"
"000000200718","5","2019","2","4","394"
"000000202103","3","2019","2","4","821"
"000000202104","5","2019","2","4","258"
"000000020031","4","2019","2","4","133"
"000000001101","4","2019","2","4","44"
"000000001172","7","2019","2","4","40"
"000000001508","7","2019","2","4","823"
"000000020073","1","2019","2","4","27"
"000000001811","5","2019","2","4","644"
"000000020526","7","2019","2","4","70"
"000000001253","0","2019","2","4","3"
"000000003807","6","2019","2","4","8"
"000000001101","7","2019","2","4","49"
"000000001502","5","2019","2","4","4650"
"000000001693","2","2019","2","4","3019"
"000000001723","3","2019","2","4","641"
"000000003182","2","2019","2","4","6837"
"000000020074","2","2019","2","4","29396"
"000000020075","3","2019","2","4","4618"
"000000020075","6","2019","2","4","3050"
"000000020087","6","2019","2","4","1990"
"000000031031","2","2019","2","4","26325"
"000000200171","4","2019","2","4","235"
"000000200720","2","2019","2","4","13133"
"000000001034","4","2019","2","4","996"
"000000001255","6","2019","2","4","889"
"000000015011","4","2019","2","4","161"
"000000020021","5","2019","2","4","2792"
"000000020211","5","2019","2","4","268"
"000000001681","3","2019","2","4","468"
"000000001722","3","2019","2","4","578"
"000000020019","7","2019","2","4","143"
"000000001522","2","2019","2","4","2349"
"000000020067","7","2019","2","4","49"
"000000020153","5","2019","2","4","212"
"000000020185","7","2019","2","4","61"
"000000001056","4","2019","2","4","20"
"000000001832","2","2019","2","4","686"
"000000020071","7","2019","2","4","330"
"000000020079","1","2019","2","4","90"
"000000001051","3","2019","2","4","726"
"000000020202","4","2019","2","4","189"
"000000020256","7","2019","2","4","191"
"000000020016","7","2019","2","4","115"
"000000020091","7","2019","2","4","162"
"000000003171","1","2019","2","4","6"
"000000001056","7","2019","2","4","32"
"000000001717","7","2019","2","4","32"
"000000020118","7","2019","2","4","148"
"000000020522","1","2019","2","4","25"
"000000001211","7","2019","2","4","32"
"000000001842","1","2019","2","4","8"
"000000001523","1","2019","2","4","16"
"000000020044","0","2019","2","4","1"
"000000020801","1","2019","2","4","7"
"000000020521","0","2019","2","4","1"
"000000001025","6","2019","2","4","734"
"000000001101","2","2019","2","4","7472"
"000000001172","2","2019","2","4","4510"
"000000001811","3","2019","2","4","1663"
"000000003173","5","2019","2","4","315"
"000000020076","5","2019","2","4","866"
"000000020085","2","2019","2","4","18007"
"000000200715","4","2019","2","4","144"
"000000001551","2","2019","2","4","3214"
"000000001781","4","2019","2","4","3"
"000000001511","6","2019","2","4","93"
"000000001624","3","2019","2","4","380"
"000000020013","7","2019","2","4","243"
"000000201081","4","2019","2","4","464"
"000000020861","6","2019","2","4","30"
"000000001712","4","2019","2","4","61"
"000000001171","3","2019","2","4","876"
"000000020258","1","2019","2","4","170"
"000000001282","4","2019","2","4","41"
"000000015002","1","2019","2","4","178"
"000000020113","6","2019","2","4","22"
"000000020089","1","2019","2","4","11"
"000000001133","7","2019","2","4","119"
"000000020065","1","2019","2","4","27"
"000000202103","1","2019","2","4","4"
"000000001521","1","2019","2","4","21"
"000000020046","1","2019","2","4","7"
"000000001014","5","2019","2","4","2948"
"000000001023","3","2019","2","4","2047"
"000000001081","5","2019","2","4","916"
"000000001506","3","2019","2","4","13826"
"000000001508","2","2019","2","4","116529"
"000000001692","2","2019","2","4","4705"
"000000003181","6","2019","2","4","563"
"000000020031","2","2019","2","4","6404"
"000000020084","6","2019","2","4","1789"
"000000020092","2","2019","2","4","14819"
"000000020203","6","2019","2","4","1148"
"000000020611","2","2019","2","4","5926"
"000000001621","3","2019","2","4","791"
"000000020012","1","2019","2","4","108"
"000000020064","5","2019","2","4","601"
"000000200716","6","2019","2","4","1026"
"000000202301","4","2019","2","4","45"
"000000001055","5","2019","2","4","133"
"000000020601","3","2019","2","4","646"
"000000001243","5","2019","2","4","197"
"000000001602","6","2019","2","4","115"
"000000020034","5","2019","2","4","284"
"000000001132","7","2019","2","4","187"
"000000001221","5","2019","2","4","124"
"000000020082","4","2019","2","4","66"
"000000020601","6","2019","2","4","83"
"000000001691","6","2019","2","4","112"
"000000001524","1","2019","2","4","19"
"000000020078","0","2019","2","4","2"
"000000001251","1","2019","2","4","52"
"000000001015","1","2019","2","4","6"
"000000001715","1","2019","2","4","3"
"000000001731","1","2019","2","4","4"
"000000001671","7","2019","2","4","4"
"000000001033","0","2019","2","4","4"
"000000001011","6","2019","2","4","1299"
"000000001501","6","2019","2","4","9678"
"000000020022","2","2019","2","4","23498"
"000000020074","3","2019","2","4","4380"
"000000020079","5","2019","2","4","781"
"000000020111","2","2019","2","4","58302"
"000000020112","2","2019","2","4","42810"
"000000020183","6","2019","2","4","876"
"000000020907","6","2019","2","4","815"
"000000031031","3","2019","2","4","3898"
"000000031031","6","2019","2","4","3161"
"000000200720","3","2019","2","4","2257"
"000000001121","2","2019","2","4","3257"
"000000001871","2","2019","2","4","1153"
"000000031041","5","2019","2","4","83"
"000000001021","4","2019","2","4","119"
"000000001072","4","2019","2","4","748"
"000000001509","4","2019","2","4","449"
"000000003805","2","2019","2","4","1521"
"000000020223","5","2019","2","4","269"
"000000020251","6","2019","2","4","447"
"000000001222","6","2019","2","4","204"
"000000020024","1","2019","2","4","12"
"000000020241","1","2019","2","4","23"
"000000001693","6","2019","2","4","96"
"000000020251","3","2019","2","4","575"
"000000001831","6","2019","2","4","60"
"000000020033","6","2019","2","4","76"
"000000001832","3","2019","2","4","96"
"000000001842","5","2019","2","4","106"
"000000001054","1","2019","2","4","27"
"000000003802","7","2019","2","4","48"
"000000001661","7","2019","2","4","33"
"000000001102","4","2019","2","4","33"
"000000020063","1","2019","2","4","15"
"000000001141","1","2019","2","4","4"
"000000001011","2","2019","2","4","49587"
"000000001012","2","2019","2","4","67072"
"000000001111","2","2019","2","4","11885"
"000000001113","4","2019","2","4","397"
"000000001222","2","2019","2","4","5952"
"000000001253","2","2019","2","4","80973"
"000000001501","2","2019","2","4","105782"
"000000001593","2","2019","2","4","3331"
"000000020062","3","2019","2","4","2949"
"000000020085","6","2019","2","4","1859"
"000000020087","3","2019","2","4","1713"
"000000020088","2","2019","2","4","7662"
"000000020183","2","2019","2","4","25227"
"000000020907","2","2019","2","4","6741"
"000000001015","5","2019","2","4","1148"
"000000015010","4","2019","2","4","159"
"000000020073","3","2019","2","4","915"
"000000020091","4","2019","2","4","123"
"000000020254","3","2019","2","4","1884"
"000000020511","5","2019","2","4","198"
"000000020523","6","2019","2","4","911"
"000000001524","5","2019","2","4","247"
"000000001701","2","2019","2","4","498"
"000000001033","4","2019","2","4","566"
"000000020067","4","2019","2","4","79"
"000000020171","5","2019","2","4","225"
"000000001692","6","2019","2","4","562"
"000000020202","1","2019","2","4","13"
"000000020021","7","2019","2","4","195"
"000000020524","4","2019","2","4","44"
"000000001531","5","2019","2","4","100"
"000000001258","4","2019","2","4","115"
"000000020223","1","2019","2","4","28"
"000000020185","4","2019","2","4","64"
"000000020153","7","2019","2","4","34"
"000000001717","4","2019","2","4","3"
"000000001509","0","2019","2","4","21"
"000000201321","0","2019","2","4","1"
"000000001057","2","2019","2","4","5586"
"000000001255","3","2019","2","4","4822"
"000000001271","2","2019","2","4","19194"
"000000001521","5","2019","2","4","237"
"000000020016","4","2019","2","4","261"
"000000020019","4","2019","2","4","406"
"000000020062","6","2019","2","4","1491"
"000000020078","4","2019","2","4","367"
"000000020255","2","2019","2","4","8261"
"000000020523","3","2019","2","4","1993"
"000000200812","2","2019","2","4","20677"
"000000020065","5","2019","2","4","751"
"000000020071","4","2019","2","4","349"
"000000020118","4","2019","2","4","172"
"000000202103","5","2019","2","4","187"
"000000015011","1","2019","2","4","96"
"000000001542","5","2019","2","4","122"
"000000020256","4","2019","2","4","165"
"000000001086","1","2019","2","4","14"
"000000001651","4","2019","2","4","24"
"000000001036","1","2019","2","4","18"
"000000020031","6","2019","2","4","88"
"000000001715","5","2019","2","4","87"
"000000020032","1","2019","2","4","16"
"000000020701","5","2019","2","4","56"
"000000001711","1","2019","2","4","53"
"000000001013","1","2019","2","4","146"
"000000020253","1","2019","2","4","50"
"000000020086","1","2019","2","4","12"
"000000020591","1","2019","2","4","5"
"000000031041","1","2019","2","4","4"
"000000001041","3","2019","2","4","2830"
"000000001121","6","2019","2","4","263"
"000000001505","6","2019","2","4","1829"
"000000001506","2","2019","2","4","93387"
"000000020042","3","2019","2","4","3850"
"000000020061","6","2019","2","4","1218"
"000000020077","3","2019","2","4","3262"
"000000020111","6","2019","2","4","1320"
"000000200713","3","2019","2","4","4838"
"000000010113","3","2019","2","4","2924"
"000000020201","6","2019","2","4","827"
"000000020241","5","2019","2","4","256"
"000000020117","3","2019","2","4","1774"
"000000200714","6","2019","2","4","106"
"000000001044","4","2019","2","4","685"
"000000001602","2","2019","2","4","3528"
"000000001182","5","2019","2","4","230"
"000000001601","3","2019","2","4","213"
"000000003111","4","2019","2","4","111"
"000000020205","5","2019","2","4","811"
"000000200711","6","2019","2","4","244"
"000000020013","1","2019","2","4","215"
"000000020257","4","2019","2","4","214"
"000000001741","6","2019","2","4","110"
"000000001035","7","2019","2","4","159"
"000000001092","7","2019","2","4","92"
"000000001312","7","2019","2","4","30"
"000000001256","7","2019","2","4","266"
"000000001812","7","2019","2","4","74"
"000000001751","5","2019","2","4","88"
"000000020562","5","2019","2","4","89"
"000000001871","6","2019","2","4","43"
"000000020301","4","2019","2","4","35"
"000000001133","1","2019","2","4","23"
"000000020076","1","2019","2","4","51"
"000000020012","0","2019","2","4","3"
"000000201081","0","2019","2","4","1"
"000000001282","0","2019","2","4","1"
"000000001013","4","2019","2","4","527"
"000000001052","6","2019","2","4","293"
"000000001223","2","2019","2","4","26510"
"000000001503","4","2019","2","4","944"
"000000001651","5","2019","2","4","96"
"000000003172","3","2019","2","4","1346"
"000000020018","3","2019","2","4","3866"
"000000020019","5","2019","2","4","1067"
"000000020078","5","2019","2","4","689"
"000000020088","3","2019","2","4","1505"
"000000020118","5","2019","2","4","875"
"000000020172","3","2019","2","4","1725"
"000000020182","6","2019","2","4","812"
"000000020242","6","2019","2","4","873"
"000000020252","3","2019","2","4","1069"
"000000001173","6","2019","2","4","237"
"000000003801","2","2019","2","4","10021"
"000000020036","3","2019","2","4","489"
"000000020091","5","2019","2","4","495"
"000000020172","6","2019","2","4","307"
"000000001113","5","2019","2","4","1328"
"000000015011","7","2019","2","4","218"
"000000020221","4","2019","2","4","71"
"000000001031","6","2019","2","4","99"
"000000001722","6","2019","2","4","93"
"000000020721","3","2019","2","4","301"
"000000020591","7","2019","2","4","30"
"000000001714","3","2019","2","4","142"
"000000020014","1","2019","2","4","71"
"000000020253","7","2019","2","4","166"
"000000001842","4","2019","2","4","32"
"000000200171","7","2019","2","4","160"
"000000003802","1","2019","2","4","20"
"000000001711","7","2019","2","4","67"
"000000020223","7","2019","2","4","62"
"000000020032","7","2019","2","4","45"
"000000020202","7","2019","2","4","35"
"000000020522","4","2019","2","4","15"
"000000031041","4","2019","2","4","5"
"000000020024","0","2019","2","4","2"
"000000020671","1","2019","2","4","4"
"000000020241","0","2019","2","4","1"
"000000001015","2","2019","2","4","41845"
"000000001081","6","2019","2","4","1407"
"000000001251","2","2019","2","4","8631"
"000000001504","5","2019","2","4","3167"
"000000001541","2","2019","2","4","3791"
"000000020012","2","2019","2","4","43757"
"000000020013","3","2019","2","4","4969"
"000000020046","2","2019","2","4","5085"
"000000020047","5","2019","2","4","2200"
"000000020076","3","2019","2","4","4192"
"000000020077","5","2019","2","4","755"
"000000020083","5","2019","2","4","396"
"000000020117","5","2019","2","4","650"
"000000020258","2","2019","2","4","49060"
"000000020301","6","2019","2","4","374"
"000000200716","4","2019","2","4","122"
"000000200721","5","2019","2","4","616"
"000000001221","3","2019","2","4","869"
"000000001243","6","2019","2","4","498"
"000000001321","5","2019","2","4","960"
"000000003807","2","2019","2","4","37"
"000000020034","3","2019","2","4","1666"
"000000020041","1","2019","2","4","290"
"000000001133","3","2019","2","4","1243"
"000000001611","5","2019","2","4","192"
"000000020212","5","2019","2","4","369"
"000000200716","7","2019","2","4","78"
"000000020045","5","2019","2","4","271"
"000000020023","5","2019","2","4","206"
"000000020084","7","2019","2","4","93"
"000000001602","7","2019","2","4","38"
"000000200811","7","2019","2","4","184"
"000000001511","7","2019","2","4","62"
"000000001552","1","2019","2","4","28"
"000000001171","1","2019","2","4","23"
"000000001592","7","2019","2","4","27"
"000000020151","7","2019","2","4","77"
"000000001691","7","2019","2","4","26"
"000000020181","1","2019","2","4","9"
"000000200718","1","2019","2","4","7"
"000000001131","1","2019","2","4","15"
"000000001624","4","2019","2","4","5"
"000000001013","3","2019","2","4","4480"
"000000001056","6","2019","2","4","419"
"000000001072","2","2019","2","4","76545"
"000000001253","4","2019","2","4","122"
"000000001258","6","2019","2","4","2114"
"000000001500","2","2019","2","4","96511"
"000000001501","4","2019","2","4","834"
"000000001509","2","2019","2","4","112714"
"000000001711","3","2019","2","4","2189"
"000000020016","6","2019","2","4","2583"
"000000020032","3","2019","2","4","852"
"000000020073","5","2019","2","4","152"
"000000020075","5","2019","2","4","987"
"000000020086","6","2019","2","4","1939"
"000000020086","3","2019","2","4","2201"
"000000020088","4","2019","2","4","77"
"000000020118","6","2019","2","4","1004"
"000000020907","4","2019","2","4","71"
"000000001036","3","2019","2","4","780"
"000000001102","2","2019","2","4","3148"
"000000001651","6","2019","2","4","116"
"000000020524","6","2019","2","4","343"
"000000020253","3","2019","2","4","1492"
"000000001211","6","2019","2","4","149"
"000000020591","3","2019","2","4","234"
"000000020011","1","2019","2","4","256"
"000000001723","5","2019","2","4","200"
"000000001717","6","2019","2","4","34"
"000000020036","7","2019","2","4","46"
"000000020074","1","2019","2","4","48"
"000000020172","7","2019","2","4","85"
"000000001242","7","2019","2","4","98"
"000000020591","6","2019","2","4","11"
"000000001070","0","2019","2","4","9"
"000000003801","1","2019","2","4","14"
"000000001681","7","2019","2","4","21"
"000000001561","0","2019","2","4","1"
"000000020112","0","2019","2","4","2"
"000000001693","1","2019","2","4","6"
"000000020251","1","2019","2","4","2"
"000000001023","2","2019","2","4","13370"
"000000001058","5","2019","2","4","196"
"000000001081","4","2019","2","4","377"
"000000001256","5","2019","2","4","1729"
"000000001311","3","2019","2","4","1065"
"000000001321","3","2019","2","4","5108"
"000000001504","6","2019","2","4","2052"
"000000001592","3","2019","2","4","265"
"000000001621","2","2019","2","4","7416"
"000000001811","2","2019","2","4","10998"
"000000020023","3","2019","2","4","1014"
"000000020023","6","2019","2","4","421"
"000000020041","2","2019","2","4","47092"
"000000020047","6","2019","2","4","3456"
"000000020077","6","2019","2","4","2767"
"000000020083","6","2019","2","4","1896"
"000000020151","3","2019","2","4","723"
"000000020186","3","2019","2","4","1355"
"000000020905","3","2019","2","4","2152"
"000000020906","3","2019","2","4","1568"
"000000200713","6","2019","2","4","1732"
"000000200721","3","2019","2","4","2770"
"000000200723","3","2019","2","4","10447"
"000000001261","6","2019","2","4","196"
"000000020034","4","2019","2","4","131"
"000000020045","3","2019","2","4","1039"
"000000020076","4","2019","2","4","396"
"000000020094","3","2019","2","4","1462"
"000000020114","3","2019","2","4","3950"
"000000020117","6","2019","2","4","593"
"000000020184","5","2019","2","4","879"
"000000202104","2","2019","2","4","5898"
"000000001044","7","2019","2","4","269"
"000000001055","7","2019","2","4","33"
"000000001014","7","2019","2","4","350"
"000000001071","4","2019","2","4","397"
"000000020064","4","2019","2","4","168"
"000000020115","5","2019","2","4","420"
"000000001015","0","2019","2","4","257"
"000000001022","4","2019","2","4","160"
"000000001632","6","2019","2","4","157"
"000000020563","5","2019","2","4","235"
"000000001092","5","2019","2","4","535"
"000000020257","7","2019","2","4","256"
"000000001243","7","2019","2","4","76"
"000000001132","1","2019","2","4","79"
"000000003111","7","2019","2","4","143"
"000000001221","4","2019","2","4","49"
"000000001671","1","2019","2","4","7"
"000000001031","2","2019","2","4","3389"
"000000001042","6","2019","2","4","266"
"000000001052","2","2019","2","4","11111"
"000000001722","2","2019","2","4","4130"
"000000003803","6","2019","2","4","1737"
"000000020041","6","2019","2","4","2867"
"000000020065","4","2019","2","4","283"
"000000020075","2","2019","2","4","31127"
"000000020526","3","2019","2","4","1147"
"000000200718","6","2019","2","4","1171"
"000000201081","5","2019","2","4","538"
"000000001015","7","2019","2","4","182"
"000000020171","4","2019","2","4","128"
"000000020611","3","2019","2","4","979"
"000000202103","4","2019","2","4","73"
"000000001161","6","2019","2","4","133"
"000000001131","6","2019","2","4","251"
"000000001723","2","2019","2","4","3668"
"000000001542","4","2019","2","4","28"
"000000020621","3","2019","2","4","650"
"000000020078","1","2019","2","4","136"
"000000020012","7","2019","2","4","191"
"000000020812","3","2019","2","4","229"
"000000015002","7","2019","2","4","196"
"000000020258","7","2019","2","4","236"
"000000031021","4","2019","2","4","22"
"000000020511","4","2019","2","4","59"
"000000001731","7","2019","2","4","35"
"000000001524","4","2019","2","4","27"
"000000001531","4","2019","2","4","15"
"000000020701","4","2019","2","4","11"
"000000001172","3","2019","2","4","613"
"000000001508","3","2019","2","4","15147"
"000000001552","6","2019","2","4","471"
"000000020092","3","2019","2","4","2283"
"000000020204","6","2019","2","4","905"
"000000001101","3","2019","2","4","708"
"000000001712","5","2019","2","4","388"
"000000020211","4","2019","2","4","100"
"000000200715","5","2019","2","4","392"
"000000020073","2","2019","2","4","9737"
"000000001282","5","2019","2","4","334"
"000000020526","6","2019","2","4","152"
"000000001524","7","2019","2","4","50"
"000000020089","7","2019","2","4","78"
"000000001521","4","2019","2","4","42"
"000000020082","5","2019","2","4","207"
"000000020153","1","2019","2","4","23"
"000000020046","7","2019","2","4","59"
"000000001251","7","2019","2","4","60"
"000000001781","5","2019","2","4","112"
"000000001715","7","2019","2","4","61"
"000000001711","0","2019","2","4","2"
"000000001803","6","2019","2","4","51"
"000000001013","0","2019","2","4","1"
"000000001035","2","2019","2","4","8794"
"000000001044","2","2019","2","4","70192"
"000000001223","5","2019","2","4","971"
"000000001500","6","2019","2","4","9549"
"000000001782","2","2019","2","4","4267"
"000000020011","5","2019","2","4","2634"
"000000020222","2","2019","2","4","18471"
"000000020301","2","2019","2","4","4112"
"000000020521","6","2019","2","4","463"
"000000031061","5","2019","2","4","1007"
"000000200711","4","2019","2","4","48"
"000000001281","6","2019","2","4","747"
"000000001024","4","2019","2","4","67"
"000000001505","4","2019","2","4","359"
"000000020022","4","2019","2","4","157"
"000000020022","7","2019","2","4","123"
"000000020047","1","2019","2","4","329"
"000000020212","1","2019","2","4","30"
"000000020077","1","2019","2","4","123"
"000000001121","4","2019","2","4","20"
"000000200713","1","2019","2","4","79"
"000000001070","7","2019","2","4","233"
"000000001504","1","2019","2","4","169"
"000000001679","6","2019","2","4","34"
"000000001581","7","2019","2","4","42"
"000000001201","1","2019","2","4","29"
"000000020116","7","2019","2","4","95"
"000000001832","5","2019","2","4","43"
"000000020116","4","2019","2","4","34"
"000000020066","7","2019","2","4","44"
"000000020083","1","2019","2","4","10"
"000000003805","4","2019","2","4","17"
"000000001871","4","2019","2","4","8"
"000000001741","4","2019","2","4","6"
"000000001601","1","2019","2","4","3"
"000000001051","2","2019","2","4","7787"
"000000001101","6","2019","2","4","150"
"000000001242","2","2019","2","4","11580"
"000000001502","4","2019","2","4","796"
"000000001681","2","2019","2","4","2830"
"000000015002","5","2019","2","4","2100"
"000000020031","3","2019","2","4","1043"
"000000020172","2","2019","2","4","15092"
"000000020242","2","2019","2","4","6088"
"000000020252","2","2019","2","4","6028"
"000000020621","6","2019","2","4","367"
"000000020812","6","2019","2","4","89"
"000000202103","7","2019","2","4","42"
"000000001551","6","2019","2","4","214"
"000000020089","5","2019","2","4","302"
"000000020721","2","2019","2","4","2279"
"000000001692","3","2019","2","4","798"
"000000202301","5","2019","2","4","136"
"000000001113","1","2019","2","4","268"
"000000015010","1","2019","2","4","92"
"000000001521","7","2019","2","4","57"
"000000001717","1","2019","2","4","4"
"000000020171","7","2019","2","4","55"
"000000001531","7","2019","2","4","41"
"000000020019","1","2019","2","4","110"
"000000020091","1","2019","2","4","31"
"000000020256","1","2019","2","4","64"
"000000020211","7","2019","2","4","64"
"000000020524","1","2019","2","4","19"
"000000020511","7","2019","2","4","45"
"000000200171","1","2019","2","4","14"
"000000003807","5","2019","2","4","3"
"000000020701","7","2019","2","4","14"
"000000031021","7","2019","2","4","10"
"000000001014","2","2019","2","4","110279"
"000000001022","2","2019","2","4","7532"
"000000001070","5","2019","2","4","2287"
"000000001141","6","2019","2","4","383"
"000000001182","3","2019","2","4","1100"
"000000001591","1","2019","2","4","10"
"000000020042","4","2019","2","4","361"
"000000020063","6","2019","2","4","1117"
"000000020076","2","2019","2","4","28189"
"000000020205","6","2019","2","4","1296"
"000000020562","3","2019","2","4","380"
"000000020908","3","2019","2","4","1160"
"000000200721","1","2019","2","4","28"
"000000001182","6","2019","2","4","129"
"000000001243","2","2019","2","4","6015"
"000000015012","4","2019","2","4","123"
"000000020061","4","2019","2","4","191"
"000000001751","6","2019","2","4","85"
"000000015012","7","2019","2","4","149"
"000000020083","4","2019","2","4","105"
"000000020115","3","2019","2","4","2220"
"000000020563","3","2019","2","4","892"
"000000001581","5","2019","2","4","123"
"000000001043","7","2019","2","4","94"
"000000001024","7","2019","2","4","99"
"000000001871","7","2019","2","4","21"
"000000001201","4","2019","2","4","85"
"000000020905","1","2019","2","4","48"
"000000001741","7","2019","2","4","44"
"000000020066","5","2019","2","4","64"
"000000001601","4","2019","2","4","25"
"000000001632","4","2019","2","4","7"
"000000001801","4","2019","2","4","51"
"000000020045","1","2019","2","4","44"
"000000020906","1","2019","2","4","25"
"000000003804","1","2019","2","4","17"
"000000020201","7","2019","2","4","96"
"000000003805","7","2019","2","4","3"
"000000001506","0","2019","2","4","3"
"000000001013","5","2019","2","4","408"
"000000001024","2","2019","2","4","7939"
"000000001043","2","2019","2","4","8735"
"000000001500","4","2019","2","4","799"
"000000001503","5","2019","2","4","4949"
"000000001505","2","2019","2","4","100930"
"000000001851","2","2019","2","4","4016"
"000000003182","6","2019","2","4","528"
"000000015011","5","2019","2","4","1520"
"000000020011","3","2019","2","4","11282"
"000000020116","2","2019","2","4","9307"
"000000020201","2","2019","2","4","18933"
"000000020202","5","2019","2","4","414"
"000000020255","6","2019","2","4","651"
"000000200812","6","2019","2","4","1884"
"000000201082","2","2019","2","4","14399"
"000000001086","5","2019","2","4","312"
"000000001252","6","2019","2","4","602"
"000000001522","6","2019","2","4","398"
"000000001711","5","2019","2","4","438"
"000000003801","3","2019","2","4","1162"
"000000001281","4","2019","2","4","46"
"000000020014","7","2019","2","4","220"
"000000020221","5","2019","2","4","192"
"000000020522","5","2019","2","4","192"
"000000001761","6","2019","2","4","327"
"000000020044","4","2019","2","4","107"
"000000001523","5","2019","2","4","161"
"000000001693","3","2019","2","4","416"
"000000201321","7","2019","2","4","40"
"000000001701","6","2019","2","4","1"
"000000001151","7","2019","2","4","43"
"000000020671","7","2019","2","4","15"
"000000001044","0","2019","2","4","7"
"000000001312","0","2019","2","4","11"
"000000020222","0","2019","2","4","10"
"000000020257","0","2019","2","4","1"
"000000001812","0","2019","2","4","2"
"000000001036","4","2019","2","4","19"
"000000001252","2","2019","2","4","13184"
"000000001761","2","2019","2","4","4614"
"000000001831","2","2019","2","4","3851"
"000000015001","3","2019","2","4","7566"
"000000020032","4","2019","2","4","132"
"000000020033","2","2019","2","4","7500"
"000000020073","6","2019","2","4","257"
"000000020182","3","2019","2","4","3669"
"000000020242","3","2019","2","4","1038"
"000000001052","3","2019","2","4","1257"
"000000001173","3","2019","2","4","704"
"000000001211","4","2019","2","4","76"
"000000020251","2","2019","2","4","3942"
"000000001113","7","2019","2","4","225"
"000000020086","4","2019","2","4","100"
"000000020254","6","2019","2","4","106"
"000000001031","3","2019","2","4","466"
"000000001503","1","2019","2","4","260"
"000000001034","7","2019","2","4","193"
"000000020078","7","2019","2","4","157"
"000000001033","7","2019","2","4","189"
"000000031021","5","2019","2","4","85"
"000000001258","7","2019","2","4","264"
"000000015010","7","2019","2","4","204"
"000000020524","7","2019","2","4","101"
"000000020253","4","2019","2","4","96"
"000000020224","1","2019","2","4","25"
"000000001651","7","2019","2","4","39"
"000000020221","1","2019","2","4","14"
"000000020591","4","2019","2","4","27"
"000000020119","0","2019","2","4","8"
"000000001072","0","2019","2","4","12"
"000000001500","0","2019","2","4","5"
"000000001281","0","2019","2","4","6"
"000000001321","4","2019","2","4","98"
"000000001812","3","2019","2","4","3180"
"000000020013","2","2019","2","4","30809"
"000000020111","5","2019","2","4","1372"
"000000020112","5","2019","2","4","1050"
"000000020115","6","2019","2","4","769"
"000000020184","6","2019","2","4","1068"
"000000020905","4","2019","2","4","113"
"000000001043","5","2019","2","4","315"
"000000020562","6","2019","2","4","44"
"000000200721","4","2019","2","4","160"
"000000001092","3","2019","2","4","788"
"000000020094","4","2019","2","4","88"
"000000001504","4","2019","2","4","393"
"000000020201","5","2019","2","4","509"
"000000020811","6","2019","2","4","144"
"000000001671","2","2019","2","4","939"
"000000020077","7","2019","2","4","140"
"000000020042","7","2019","2","4","107"
"000000200713","7","2019","2","4","157"
"000000020083","7","2019","2","4","98"
"000000020861","1","2019","2","4","7"
"000000003805","5","2019","2","4","21"
"000000020023","4","2019","2","4","78"
"000000001611","4","2019","2","4","23"
"000000020186","4","2019","2","4","88"
"000000001851","5","2019","2","4","65"
"000000200714","7","2019","2","4","34"
"000000020084","1","2019","2","4","9"
"000000001511","1","2019","2","4","7"
"000000003803","0","2019","2","4","2"
"000000020041","0","2019","2","4","1"
"000000001024","5","2019","2","4","311"
"000000001044","3","2019","2","4","8878"
"000000001058","6","2019","2","4","233"
"000000001132","2","2019","2","4","16553"
"000000001133","2","2019","2","4","8691"
"000000001256","3","2019","2","4","8058"
"000000001256","6","2019","2","4","2226"
"000000001312","3","2019","2","4","1937"
"000000020022","5","2019","2","4","909"
"000000020116","5","2019","2","4","363"
"000000020525","2","2019","2","4","14299"
"000000020908","6","2019","2","4","882"
"000000200717","6","2019","2","4","1080"
"000000200722","1","2019","2","4","124"
"000000200723","4","2019","2","4","890"
"000000001045","6","2019","2","4","786"
"000000003804","4","2019","2","4","90"
"000000020117","4","2019","2","4","85"
"000000020811","3","2019","2","4","589"
"000000001035","3","2019","2","4","2191"
"000000020047","4","2019","2","4","1229"
"000000020061","7","2019","2","4","96"
"000000020045","4","2019","2","4","46"
"000000201082","5","2019","2","4","460"
"000000020563","6","2019","2","4","194"
"000000020212","7","2019","2","4","55"
"000000001025","1","2019","2","4","23"
"000000001691","1","2019","2","4","39"
"000000001632","7","2019","2","4","39"
"000000001041","7","2019","2","4","116"
"000000020243","7","2019","2","4","72"
"000000001201","7","2019","2","4","65"
"000000001261","7","2019","2","4","37"
"000000010113","7","2019","2","4","101"
"000000001112","1","2019","2","4","35"
"000000020151","1","2019","2","4","13"
"000000001591","4","2019","2","4","24"
"000000001601","7","2019","2","4","26"
"000000003181","1","2019","2","4","11"
"000000001602","1","2019","2","4","14"
"000000020203","1","2019","2","4","7"
"000000200716","1","2019","2","4","5"
"000000020113","1","2019","2","4","1"
"000000001033","5","2019","2","4","1432"
"000000001051","6","2019","2","4","126"
"000000001057","3","2019","2","4","320"
"000000001111","3","2019","2","4","1903"
"000000001242","3","2019","2","4","1655"
"000000001507","6","2019","2","4","1565"
"000000001507","3","2019","2","4","9194"
"000000001593","3","2019","2","4","390"
"000000001723","6","2019","2","4","141"
"000000015001","6","2019","2","4","4656"
"000000020011","2","2019","2","4","82316"
"000000020016","5","2019","2","4","682"
"000000020079","4","2019","2","4","318"
"000000031061","2","2019","2","4","24454"
"000000200719","2","2019","2","4","9164"
"000000001271","3","2019","2","4","1625"
"000000001086","4","2019","2","4","103"
"000000001681","6","2019","2","4","56"
"000000020185","5","2019","2","4","364"
"000000001523","4","2019","2","4","19"
"000000001717","5","2019","2","4","75"
"000000020086","7","2019","2","4","93"
"000000020524","5","2019","2","4","232"
"000000020067","5","2019","2","4","94"
"000000001036","7","2019","2","4","59"
"000000001711","4","2019","2","4","75"
"000000001086","7","2019","2","4","69"
"000000001013","7","2019","2","4","45"
"000000201321","1","2019","2","4","38"
"000000020223","4","2019","2","4","37"
"000000001661","1","2019","2","4","4"
"000000001151","1","2019","2","4","6"
"000000020205","0","2019","2","4","1"
"000000001024","3","2019","2","4","1455"
"000000001070","3","2019","2","4","6735"
"000000001281","5","2019","2","4","391"
"000000001504","2","2019","2","4","104162"
"000000001721","6","2019","2","4","51"
"000000003804","2","2019","2","4","13595"
"000000020023","2","2019","2","4","5734"
"000000020045","2","2019","2","4","8963"
"000000020083","2","2019","2","4","9808"
"000000020117","2","2019","2","4","4939"
"000000020563","4","2019","2","4","28"
"000000020802","3","2019","2","4","1195"
"000000200721","2","2019","2","4","15156"
"000000200723","2","2019","2","4","58831"
"000000201082","3","2019","2","4","2050"
"000000001021","5","2019","2","4","289"
"000000020116","3","2019","2","4","1805"
"000000020066","3","2019","2","4","193"
"000000001102","5","2019","2","4","81"
"000000020241","4","2019","2","4","58"
"000000001622","7","2019","2","4","37"
"000000001053","7","2019","2","4","31"
"000000001679","5","2019","2","4","104"
"000000001045","1","2019","2","4","7"
"000000020562","4","2019","2","4","6"
"000000001035","1","2019","2","4","19"
"000000020671","5","2019","2","4","39"
"000000001751","4","2019","2","4","11"
"000000001011","4","2019","2","4","1351"
"000000001012","4","2019","2","4","2041"
"000000001021","2","2019","2","4","7776"
"000000001034","6","2019","2","4","2004"
"000000001086","3","2019","2","4","1538"
"000000001113","6","2019","2","4","1351"
"000000001222","4","2019","2","4","66"
"000000001281","2","2019","2","4","22924"
"000000001679","2","2019","2","4","3668"
"000000015010","6","2019","2","4","1543"
"000000015011","3","2019","2","4","8696"
"000000020019","6","2019","2","4","3082"
"000000020044","2","2019","2","4","14520"
"000000020071","6","2019","2","4","6114"
"000000020256","6","2019","2","4","1077"
"000000200171","6","2019","2","4","2930"
"000000200720","1","2019","2","4","19"
"000000200812","4","2019","2","4","139"
"000000001036","6","2019","2","4","516"
"000000020185","6","2019","2","4","620"
"000000020202","3","2019","2","4","2446"
"000000020223","3","2019","2","4","1790"
"000000001507","7","2019","2","4","258"
"000000020252","7","2019","2","4","93"
"000000020183","4","2019","2","4","192"
"000000001271","4","2019","2","4","129"
"000000031041","3","2019","2","4","368"
"000000003172","7","2019","2","4","77"
"000000001031","5","2019","2","4","68"
"000000020088","7","2019","2","4","83"
"000000001057","7","2019","2","4","64"
"000000020018","7","2019","2","4","142"
"000000001111","7","2019","2","4","76"
"000000031031","1","2019","2","4","30"
"000000020255","4","2019","2","4","43"
"000000001714","7","2019","2","4","52"
"000000001831","4","2019","2","4","19"
"000000001832","1","2019","2","4","2"
"000000020721","7","2019","2","4","29"
"000000001043","0","2019","2","4","1"
"000000001593","4","2019","2","4","1"
"000000001701","4","2019","2","4","2"
"000000001014","6","2019","2","4","5281"
"000000001041","5","2019","2","4","497"
"000000001055","6","2019","2","4","450"
"000000001071","3","2019","2","4","6599"
"000000001602","4","2019","2","4","32"
"000000003111","6","2019","2","4","897"
"000000015002","2","2019","2","4","45651"
"000000020064","6","2019","2","4","1097"
"000000020084","4","2019","2","4","86"
"000000020089","2","2019","2","4","7443"
"000000020093","6","2019","2","4","911"
"000000020525","3","2019","2","4","1540"
"000000001731","2","2019","2","4","2429"
"000000001782","6","2019","2","4","207"
"000000020094","5","2019","2","4","309"
"000000020905","5","2019","2","4","355"
"000000003173","6","2019","2","4","314"
"000000001022","3","2019","2","4","1343"
"000000001506","4","2019","2","4","365"
"000000020204","1","2019","2","4","43"
"000000003804","5","2019","2","4","411"
"000000020203","7","2019","2","4","83"
"000000001025","7","2019","2","4","104"
"000000020601","4","2019","2","4","22"
"000000200722","7","2019","2","4","112"
"000000001601","5","2019","2","4","75"
"000000003181","7","2019","2","4","66"
"000000001112","7","2019","2","4","86"
"000000001591","5","2019","2","4","151"
"000000001803","1","2019","2","4","28"
"000000020861","7","2019","2","4","33"
"000000003803","1","2019","2","4","33"
"000000001161","1","2019","2","4","6"
"000000020113","7","2019","2","4","12"
"000000001042","1","2019","2","4","18"
"000000202104","1","2019","2","4","5"
"000000020085","0","2019","2","4","2"
"000000020062","0","2019","2","4","1"
"000000001012","5","2019","2","4","2301"
"000000001054","2","2019","2","4","3267"
"000000001058","2","2019","2","4","7268"
"000000001151","3","2019","2","4","754"
"000000001182","2","2019","2","4","11311"
"000000001501","5","2019","2","4","4638"
"000000001509","3","2019","2","4","17861"
"000000001842","6","2019","2","4","60"
"000000003171","6","2019","2","4","412"
"000000020014","6","2019","2","4","3489"
"000000020205","2","2019","2","4","25673"
"000000020563","2","2019","2","4","4514"
"000000200717","2","2019","2","4","6936"
"000000200719","4","2019","2","4","162"
"000000001523","6","2019","2","4","279"
"000000020183","5","2019","2","4","668"
"000000020562","2","2019","2","4","2392"
"000000200812","5","2019","2","4","546"
"000000020088","5","2019","2","4","347"
"000000001057","5","2019","2","4","247"
"000000001271","5","2019","2","4","353"
"000000020255","5","2019","2","4","284"
"000000031031","7","2019","2","4","190"
"000000020074","7","2019","2","4","268"
"000000001223","4","2019","2","4","92"
"000000020251","7","2019","2","4","31"
"000000020022","1","2019","2","4","65"
"000000020671","3","2019","2","4","214"
"000000003801","7","2019","2","4","38"
"000000020117","0","2019","2","4","36"
"000000020212","0","2019","2","4","4"
"000000001252","7","2019","2","4","77"
"000000001594","1","2019","2","4","5"
"000000001761","7","2019","2","4","43"
"000000001561","1","2019","2","4","23"
"000000001851","1","2019","2","4","7"
"000000001201","0","2019","2","4","1"
"000000001111","5","2019","2","4","601"
"000000001503","6","2019","2","4","8657"
"000000001751","2","2019","2","4","3876"
"000000003802","6","2019","2","4","967"
"000000020079","6","2019","2","4","2842"
"000000020115","2","2019","2","4","14724"
"000000020241","2","2019","2","4","9399"
"000000020522","6","2019","2","4","469"
"000000031061","4","2019","2","4","492"
"000000201321","3","2019","2","4","1982"
"000000001253","5","2019","2","4","1361"
"000000001593","5","2019","2","4","113"
"000000020011","4","2019","2","4","889"
"000000020907","5","2019","2","4","226"
"000000003801","4","2019","2","4","52"
"000000020224","6","2019","2","4","200"
"000000020801","6","2019","2","4","529"
"000000003802","3","2019","2","4","1201"
"000000001041","0","2019","2","4","1"
"000000020802","1","2019","2","4","51"
"000000001070","1","2019","2","4","139"
"000000200720","7","2019","2","4","103"
"000000201082","1","2019","2","4","28"
"000000001242","5","2019","2","4","304"
"000000001661","3","2019","2","4","213"
"000000001222","5","2019","2","4","281"
"000000020042","0","2019","2","4","19"
"000000020033","7","2019","2","4","53"
"000000001693","7","2019","2","4","18"
"000000001832","7","2019","2","4","21"
"000000020066","1","2019","2","4","17"
"000000020116","1","2019","2","4","13"
"000000001504","0","2019","2","4","7"
"000000020077","0","2019","2","4","2"
"000000001701","5","2019","2","4","10"
"000000001632","0","2019","2","4","1"
"000000020047","0","2019","2","4","9"
"000000001223","3","2019","2","4","2429"
"000000001261","2","2019","2","4","6466"
"000000001601","2","2019","2","4","1886"
"000000001741","2","2019","2","4","3328"
"000000003801","6","2019","2","4","971"
"000000020011","6","2019","2","4","4658"
"000000020042","2","2019","2","4","34143"
"000000020074","6","2019","2","4","3063"
"000000020077","2","2019","2","4","20857"
"000000020212","2","2019","2","4","12983"
"000000031061","3","2019","2","4","4484"
"000000200711","2","2019","2","4","2555"
"000000200713","2","2019","2","4","36726"
"000000200714","2","2019","2","4","16146"
"000000200719","6","2019","2","4","1272"
"000000200719","3","2019","2","4","1725"
"000000020024","4","2019","2","4","75"
"000000020063","4","2019","2","4","158"
"000000001053","4","2019","2","4","24"
"000000001141","4","2019","2","4","70"
"000000003802","5","2019","2","4","346"
"000000020051","3","2019","2","4","603"
"000000201321","5","2019","2","4","368"
"000000020044","7","2019","2","4","138"
"000000001151","5","2019","2","4","157"
"000000001622","4","2019","2","4","18"
"000000003171","5","2019","2","4","316"
"000000001021","7","2019","2","4","107"
"000000001631","7","2019","2","4","42"
"000000001832","6","2019","2","4","9"
"000000001182","1","2019","2","4","85"
"000000020521","4","2019","2","4","19"
"000000020115","1","2019","2","4","62"
"000000001661","5","2019","2","4","67"
"000000001751","1","2019","2","4","3"
"000000001132","6","2019","2","4","436"
"000000020021","2","2019","2","4","33774"
"000000020211","2","2019","2","4","7352"
"000000200715","3","2019","2","4","1679"
"000000201081","3","2019","2","4","3013"
"000000020082","3","2019","2","4","731"
"000000200715","6","2019","2","4","1174"
"000000001282","3","2019","2","4","362"
"000000202301","3","2019","2","4","518"
"000000001781","3","2019","2","4","275"
"000000001023","7","2019","2","4","108"
"000000020085","1","2019","2","4","40"
"000000001161","7","2019","2","4","37"
"000000001171","7","2019","2","4","59"
"000000020204","4","2019","2","4","64"
"000000003803","7","2019","2","4","61"
"000000020181","7","2019","2","4","90"
"000000001172","4","2019","2","4","46"
"000000020861","5","2019","2","4","95"
"000000020526","4","2019","2","4","17"
"000000001161","4","2019","2","4","10"
"000000020812","4","2019","2","4","9"
"000000015001","0","2019","2","4","2"
"000000001011","5","2019","2","4","709"
"000000001256","2","2019","2","4","59094"
"000000001312","2","2019","2","4","14420"
"000000020074","5","2019","2","4","956"
"000000020184","2","2019","2","4","32747"
"000000020251","5","2019","2","4","99"
"000000020811","2","2019","2","4","3692"
"000000020908","2","2019","2","4","10287"
"000000200720","5","2019","2","4","580"
"000000001631","3","2019","2","4","432"
"000000001021","3","2019","2","4","1402"
"000000020051","4","2019","2","4","18"
"000000001070","4","2019","2","4","343"
"000000020201","1","2019","2","4","50"
"000000015012","1","2019","2","4","82"
"000000001661","6","2019","2","4","29"
"000000020802","4","2019","2","4","81"
"000000001741","1","2019","2","4","6"
"000000001679","3","2019","2","4","69"
"000000001761","5","2019","2","4","118"
"000000001831","5","2019","2","4","120"
"000000020112","1","2019","2","4","102"
"000000001505","1","2019","2","4","177"
"000000001721","4","2019","2","4","31"
"000000001871","1","2019","2","4","20"
"000000020243","1","2019","2","4","24"
"000000001043","1","2019","2","4","29"
"000000001581","4","2019","2","4","15"
"000000001801","1","2019","2","4","12"
"000000020671","6","2019","2","4","8"
"000000200711","1","2019","2","4","12"
"000000001561","4","2019","2","4","21"
"000000200714","1","2019","2","4","36"
"000000001693","5","2019","2","4","56"
"000000020066","4","2019","2","4","9"
"000000020045","0","2019","2","4","1"
"000000001611","0","2019","2","4","2"
"000000001594","4","2019","2","4","1"
"000000020906","0","2019","2","4","1"
"000000001502","2","2019","2","4","113086"
"000000001506","5","2019","2","4","2890"
"000000001712","6","2019","2","4","611"
"000000020153","2","2019","2","4","5498"
"000000001025","5","2019","2","4","449"
"000000200716","5","2019","2","4","286"
"000000202104","7","2019","2","4","60"
"000000020084","5","2019","2","4","367"
"000000020601","5","2019","2","4","152"
"000000001042","4","2019","2","4","42"
"000000003803","4","2019","2","4","99"
"000000001541","3","2019","2","4","591"
"000000020041","7","2019","2","4","246"
"000000200718","7","2019","2","4","80"
"000000001803","7","2019","2","4","72"
"000000001131","7","2019","2","4","78"
"000000001552","7","2019","2","4","75"
"000000001602","5","2019","2","4","90"
"000000020204","7","2019","2","4","74"
"000000001551","1","2019","2","4","8"
"000000020031","1","2019","2","4","23"
"000000001692","1","2019","2","4","17"
"000000020621","4","2019","2","4","22"
"000000001671","6","2019","2","4","17"
"000000020182","0","2019","2","4","2"
"000000020172","0","2019","2","4","1"
"000000001014","4","2019","2","4","1977"
"000000001041","6","2019","2","4","570"
"000000001131","2","2019","2","4","6510"
"000000001171","2","2019","2","4","7476"
"000000001552","2","2019","2","4","2844"
"000000001803","2","2019","2","4","6408"
"000000010113","6","2019","2","4","866"
"000000020042","6","2019","2","4","2706"
"000000020181","2","2019","2","4","10558"
"000000020212","6","2019","2","4","439"
"000000200722","3","2019","2","4","3092"
"000000200811","3","2019","2","4","6819"
"000000001201","6","2019","2","4","676"
"000000001591","3","2019","2","4","814"
"000000001591","6","2019","2","4","58"
"000000020908","5","2019","2","4","293"
"000000200718","2","2019","2","4","8512"
"000000001812","5","2019","2","4","576"
"000000200717","5","2019","2","4","350"
"000000001045","5","2019","2","4","309"
"000000001312","5","2019","2","4","325"
"000000003804","3","2019","2","4","1448"
"000000003173","4","2019","2","4","23"
"000000020064","7","2019","2","4","140"
"000000001055","4","2019","2","4","27"
"000000001601","6","2019","2","4","53"
"000000001243","4","2019","2","4","28"
"000000001611","3","2019","2","4","622"
"000000001081","7","2019","2","4","201"
"000000020093","7","2019","2","4","66"
"000000020811","5","2019","2","4","127"
"000000020222","7","2019","2","4","101"
"000000001782","7","2019","2","4","53"
"000000020301","7","2019","2","4","68"
"000000020081","7","2019","2","4","52"
"000000001712","1","2019","2","4","21"
"000000015002","0","2019","2","4","3"
"000000001033","1","2019","2","4","323"
"000000001507","2","2019","2","4","66523"
"000000001508","6","2019","2","4","9472"
"000000003172","2","2019","2","4","6628"
"000000015001","2","2019","2","4","50860"
"000000020012","5","2019","2","4","1524"
"000000020018","2","2019","2","4","17082"
"000000020036","2","2019","2","4","2644"
"000000020046","5","2019","2","4","155"
"000000020092","6","2019","2","4","1344"
"000000020182","2","2019","2","4","22533"
"000000001034","1","2019","2","4","1158"
"000000001172","6","2019","2","4","271"
"000000001173","2","2019","2","4","5162"
"000000001714","2","2019","2","4","1049"
"000000020021","4","2019","2","4","375"
"000000020085","3","2019","2","4","2506"
"000000020258","5","2019","2","4","1606"
"000000020611","6","2019","2","4","270"
"000000020071","1","2019","2","4","208"
"000000020153","4","2019","2","4","93"
"000000001258","1","2019","2","4","210"
"000000001251","5","2019","2","4","293"
"000000001502","7","2019","2","4","476"
"000000001551","3","2019","2","4","426"
"000000020118","1","2019","2","4","123"
"000000001056","1","2019","2","4","27"
"000000001541","5","2019","2","4","183"
"000000020065","7","2019","2","4","252"
"000000001651","1","2019","2","4","7"
"000000001731","5","2019","2","4","98"
"000000020067","1","2019","2","4","18"
"000000001211","1","2019","2","4","40"
"000000001542","7","2019","2","4","59"
"000000020185","1","2019","2","4","7"
"000000001503","0","2019","2","4","7"
"000000020801","0","2019","2","4","1"
"000000020016","1","2019","2","4","7"
"000000001013","2","2019","2","4","38657"
"000000001503","2","2019","2","4","114153"
"000000001508","5","2019","2","4","4653"
"000000001523","2","2019","2","4","3108"
"000000001542","6","2019","2","4","429"
"000000020021","6","2019","2","4","3037"
"000000020078","3","2019","2","4","3374"
"000000020079","2","2019","2","4","17755"
"000000020221","2","2019","2","4","7244"
"000000031041","2","2019","2","4","1778"
"000000020171","6","2019","2","4","102"
"000000001507","1","2019","2","4","188"
"000000020087","7","2019","2","4","118"
"000000020031","5","2019","2","4","156"
"000000020172","1","2019","2","4","13"
"000000001052","4","2019","2","4","59"
"000000001255","7","2019","2","4","164"
"000000001242","1","2019","2","4","25"
"000000001271","1","2019","2","4","23"
"000000003172","1","2019","2","4","13"
"000000020018","1","2019","2","4","44"
"000000020011","0","2019","2","4","5"
"000000020036","1","2019","2","4","7"
"000000001722","4","2019","2","4","43"
"000000001723","4","2019","2","4","13"
"000000020721","1","2019","2","4","3"
"000000020252","1","2019","2","4","28"
"000000001714","1","2019","2","4","2"
"000000001086","2","2019","2","4","8593"
"000000001502","6","2019","2","4","10085"
"000000001711","2","2019","2","4","17674"
"000000015011","2","2019","2","4","57418"
"000000020153","3","2019","2","4","1003"
"000000020223","2","2019","2","4","16166"
"000000020522","2","2019","2","4","5399"
"000000001031","4","2019","2","4","37"
"000000001593","1","2019","2","4","11"
"000000020075","4","2019","2","4","403"
"000000020153","6","2019","2","4","293"
"000000020211","6","2019","2","4","368"
"000000001172","5","2019","2","4","130"
"000000001531","6","2019","2","4","276"
"000000020611","5","2019","2","4","189"
"000000001842","2","2019","2","4","4637"
"000000020511","6","2019","2","4","266"
"000000031021","6","2019","2","4","190"
"000000020092","5","2019","2","4","522"
"000000020073","4","2019","2","4","73"
"000000020062","7","2019","2","4","128"
"000000020523","7","2019","2","4","157"
"000000001101","5","2019","2","4","113"
"000000001551","5","2019","2","4","122"
"000000020254","7","2019","2","4","133"
"000000001692","5","2019","2","4","145"
"000000001111","1","2019","2","4","63"
"000000020088","1","2019","2","4","11"
"000000001057","1","2019","2","4","18"
"000000020074","0","2019","2","4","3"
"000000001011","3","2019","2","4","4613"
"000000001012","3","2019","2","4","9351"
"000000001012","6","2019","2","4","8334"
"000000001111","6","2019","2","4","658"
"000000001222","3","2019","2","4","1107"
"000000001253","3","2019","2","4","7198"
"000000001501","3","2019","2","4","19267"
"000000001522","3","2019","2","4","333"
"000000001561","2","2019","2","4","7763"
"000000001581","2","2019","2","4","4987"
"000000015010","5","2019","2","4","1880"
"000000020014","4","2019","2","4","489"
"000000020036","6","2019","2","4","361"
"000000020051","2","2019","2","4","3521"
"000000020066","2","2019","2","4","2234"
"000000020071","5","2019","2","4","2710"
"000000020183","3","2019","2","4","3700"
"000000020252","6","2019","2","4","482"
"000000020255","3","2019","2","4","1324"
"000000200171","5","2019","2","4","821"
"000000020033","3","2019","2","4","1006"
"000000020086","5","2019","2","4","439"
"000000020253","5","2019","2","4","343"
"000000020044","1","2019","2","4","55"
"000000001500","1","2019","2","4","428"
"000000001056","5","2019","2","4","132"
"000000020591","5","2019","2","4","59"
"000000020079","7","2019","2","4","163"
"000000201321","4","2019","2","4","149"
"000000001523","7","2019","2","4","60"
"000000020801","7","2019","2","4","153"
"000000001021","1","2019","2","4","47"
"000000001761","3","2019","2","4","533"
"000000003171","7","2019","2","4","92"
"000000020801","4","2019","2","4","60"
"000000031041","7","2019","2","4","17"
"000000001842","7","2019","2","4","50"
"000000003171","4","2019","2","4","12"
"000000020522","7","2019","2","4","59"
"000000001701","3","2019","2","4","67"
"000000001679","1","2019","2","4","18"
"000000001053","1","2019","2","4","25"
"000000001714","6","2019","2","4","7"
"000000001631","1","2019","2","4","6"
"000000001034","5","2019","2","4","1727"
"000000001070","2","2019","2","4","41659"
"000000001242","6","2019","2","4","757"
"000000001252","3","2019","2","4","2085"
"000000001253","6","2019","2","4","1872"
"000000001721","2","2019","2","4","5495"
"000000003802","4","2019","2","4","51"
"000000020018","6","2019","2","4","2870"
"000000020088","6","2019","2","4","1734"
"000000020907","3","2019","2","4","1034"
"000000001057","6","2019","2","4","735"
"000000001258","5","2019","2","4","1501"
"000000001593","6","2019","2","4","77"
"000000003172","6","2019","2","4","350"
"000000003182","3","2019","2","4","1764"
"000000020802","2","2019","2","4","4898"
"000000200812","3","2019","2","4","1892"
"000000020032","5","2019","2","4","160"
"000000020256","5","2019","2","4","906"
"000000001594","2","2019","2","4","1575"
"000000001211","5","2019","2","4","187"
"000000020224","4","2019","2","4","48"
"000000001503","7","2019","2","4","533"
"000000001831","3","2019","2","4","441"
"000000001036","5","2019","2","4","158"
"000000001509","1","2019","2","4","493"
"000000001271","6","2019","2","4","117"
"000000001072","1","2019","2","4","268"
"000000020521","1","2019","2","4","9"
"000000020721","6","2019","2","4","102"
"000000001281","1","2019","2","4","29"
"000000020119","1","2019","2","4","152"
"000000020224","7","2019","2","4","41"
"000000001102","1","2019","2","4","6"
"000000001622","1","2019","2","4","11"
"000000020221","7","2019","2","4","24"
"000000001661","4","2019","2","4","5"
"000000020671","4","2019","2","4","10"
"000000001151","4","2019","2","4","10"
"000000001256","0","2019","2","4","5"
"000000001043","4","2019","2","4","85"
"000000001053","6","2019","2","4","325"
"000000001054","3","2019","2","4","583"
"000000001072","6","2019","2","4","6654"
"000000001141","3","2019","2","4","1571"
"000000001622","6","2019","2","4","156"
"000000003111","2","2019","2","4","18587"
"000000020024","3","2019","2","4","987"
"000000020044","6","2019","2","4","1726"
"000000020063","3","2019","2","4","2732"
"000000020081","2","2019","2","4","7796"
"000000020093","2","2019","2","4","9156"
"000000020111","4","2019","2","4","326"
"000000020112","4","2019","2","4","254"
"000000020119","6","2019","2","4","871"
"000000020241","3","2019","2","4","1523"
"000000020257","2","2019","2","4","43248"
"000000200719","5","2019","2","4","569"
"000000003801","5","2019","2","4","349"
"000000020042","1","2019","2","4","47"
"000000001561","7","2019","2","4","96"
"000000201082","4","2019","2","4","829"
"000000020802","7","2019","2","4","98"
"000000020201","4","2019","2","4","162"
"000000001631","6","2019","2","4","46"
"000000020051","7","2019","2","4","53"
"000000001632","1","2019","2","4","18"
"000000010113","1","2019","2","4","48"
"000000020117","1","2019","2","4","22"
"000000001041","1","2019","2","4","10"
"000000001594","7","2019","2","4","7"
"000000001261","1","2019","2","4","19"
"000000001851","7","2019","2","4","25"
"000000020061","1","2019","2","4","9"
"000000001851","4","2019","2","4","5"
"000000001602","0","2019","2","4","1"
"000000001086","6","2019","2","4","1680"
"000000001141","2","2019","2","4","9332"
"000000001507","5","2019","2","4","1991"
"000000001631","2","2019","2","4","2986"
"000000015001","5","2019","2","4","2020"
"000000015011","6","2019","2","4","1451"
"000000020024","2","2019","2","4","3961"
"000000020079","3","2019","2","4","3592"
"000000020119","2","2019","2","4","17066"
"000000031031","4","2019","2","4","447"
"000000031041","6","2019","2","4","156"
"000000200719","1","2019","2","4","176"
"000000020182","5","2019","2","4","644"
"000000020202","6","2019","2","4","668"
"000000020521","2","2019","2","4","4118"
"000000020242","5","2019","2","4","181"
"000000020252","5","2019","2","4","267"
"000000001051","5","2019","2","4","202"
"000000001501","7","2019","2","4","395"
"000000020172","5","2019","2","4","442"
"000000001012","7","2019","2","4","188"
"000000020221","6","2019","2","4","139"
"000000020223","6","2019","2","4","149"
"000000020251","4","2019","2","4","37"
"000000020033","4","2019","2","4","91"
"000000020051","1","2019","2","4","5"
"000000020721","5","2019","2","4","76"
"000000001253","7","2019","2","4","304"
"000000003182","4","2019","2","4","39"
"000000020255","7","2019","2","4","91"
"000000001722","5","2019","2","4","164"
"000000001222","7","2019","2","4","59"
"000000200812","7","2019","2","4","78"
"000000001271","7","2019","2","4","52"
"000000001593","7","2019","2","4","64"
"000000001522","7","2019","2","4","61"
"000000020183","7","2019","2","4","127"
"000000031061","1","2019","2","4","53"
"000000001681","5","2019","2","4","78"
"000000001581","1","2019","2","4","5"
"000000001832","4","2019","2","4","1"
"000000001721","1","2019","2","4","9"
"000000001701","7","2019","2","4","6"
"000000001505","0","2019","2","4","5"
"000000001053","2","2019","2","4","3811"
"000000001503","3","2019","2","4","21598"
"000000001523","3","2019","2","4","442"
"000000001622","2","2019","2","4","3199"
"000000001711","6","2019","2","4","566"
"000000020014","3","2019","2","4","5432"
"000000020018","5","2019","2","4","771"
"000000020063","2","2019","2","4","12043"
"000000020522","3","2019","2","4","826"
"000000020074","4","2019","2","4","342"
"000000020224","3","2019","2","4","1408"
"000000020253","6","2019","2","4","1071"
"000000001013","6","2019","2","4","179"
"000000020032","6","2019","2","4","149"
"000000020221","3","2019","2","4","1049"
"000000020801","3","2019","2","4","1081"
"000000200720","4","2019","2","4","167"
"000000001173","5","2019","2","4","184"
"000000001223","1","2019","2","4","51"
"000000003171","3","2019","2","4","1475"
"000000001761","4","2019","2","4","46"
"000000020036","5","2019","2","4","99"
"000000003172","5","2019","2","4","252"
"000000001052","5","2019","2","4","263"
"000000003182","7","2019","2","4","79"
"000000001252","4","2019","2","4","105"
"000000001842","3","2019","2","4","567"
"000000001011","7","2019","2","4","27"
"000000020907","7","2019","2","4","64"
"000000001522","4","2019","2","4","25"
"000000001831","7","2019","2","4","53"
"000000001714","5","2019","2","4","30"
"000000020111","0","2019","2","4","2"
"000000001693","4","2019","2","4","3"
"000000015012","0","2019","2","4","1"
"000000001021","6","2019","2","4","1037"
"000000001045","2","2019","2","4","6613"
"000000001053","3","2019","2","4","546"
"000000001072","3","2019","2","4","12235"
"000000001092","2","2019","2","4","12520"
"000000001281","3","2019","2","4","2368"
"000000001500","3","2019","2","4","17121"
"000000001509","6","2019","2","4","2875"
"000000001812","2","2019","2","4","27983"
"000000003182","5","2019","2","4","310"
"000000020044","3","2019","2","4","2138"
"000000020119","3","2019","2","4","2530"
"000000031031","5","2019","2","4","906"
"000000001102","6","2019","2","4","103"
"000000020521","3","2019","2","4","566"
"000000001102","3","2019","2","4","469"
"000000020033","5","2019","2","4","178"
"000000031061","7","2019","2","4","164"
"000000001151","6","2019","2","4","165"
"000000200719","7","2019","2","4","71"
"000000201321","6","2019","2","4","314"
"000000001121","1","2019","2","4","5"
"000000001252","5","2019","2","4","333"
"000000020011","7","2019","2","4","268"
"000000001592","0","2019","2","4","1"
"000000001522","5","2019","2","4","129"
"000000001622","3","2019","2","4","526"
"000000020111","1","2019","2","4","222"
"000000001223","7","2019","2","4","199"
"000000200723","0","2019","2","4","57"
"000000003805","1","2019","2","4","2"
"000000001721","7","2019","2","4","49"
"000000200721","0","2019","2","4","1"
"000000001321","0","2019","2","4","2"
"000000200811","0","2019","2","4","1"
"000000001041","2","2019","2","4","18679"
"000000001201","2","2019","2","4","7988"
"000000001801","2","2019","2","4","4072"
"000000010113","2","2019","2","4","17469"
"000000015012","2","2019","2","4","38965"
"000000020014","5","2019","2","4","1047"
"000000020061","2","2019","2","4","11739"
"000000020243","2","2019","2","4","14039"
"000000031061","6","2019","2","4","2842"
"000000200720","6","2019","2","4","1390"
"000000001632","2","2019","2","4","3823"
"000000001072","7","2019","2","4","551"
"000000001500","7","2019","2","4","412"
"000000020119","4","2019","2","4","207"
"000000001509","7","2019","2","4","396"
"000000020908","1","2019","2","4","156"
"000000001581","3","2019","2","4","560"
"000000020205","1","2019","2","4","78"
"000000020224","5","2019","2","4","294"
"000000001721","3","2019","2","4","584"
"000000020801","5","2019","2","4","280"
"000000001281","7","2019","2","4","92"
"000000020521","7","2019","2","4","73"
"000000020184","1","2019","2","4","85"
"000000020563","1","2019","2","4","9"
"000000001102","7","2019","2","4","31"
"000000001631","4","2019","2","4","26"
"000000001679","7","2019","2","4","24"
"000000020064","0","2019","2","4","16"
"000000001058","1","2019","2","4","9"
"000000020562","1","2019","2","4","2"
"000000001014","0","2019","2","4","6"
"000000200717","1","2019","2","4","3"
"000000001081","0","2019","2","4","7"
"000000001071","7","2019","2","4","285"
"000000001161","2","2019","2","4","1790"
"000000001511","3","2019","2","4","552"
"000000003803","2","2019","2","4","13623"
"000000020084","3","2019","2","4","1388"
"000000020114","6","2019","2","4","875"
"000000020621","2","2019","2","4","3731"
"000000020812","2","2019","2","4","1979"
"000000200716","3","2019","2","4","1151"
"000000200721","6","2019","2","4","1405"
"000000200722","6","2019","2","4","1498"
"000000200723","6","2019","2","4","5827"
"000000200811","6","2019","2","4","1383"
"000000001025","3","2019","2","4","497"
"000000001133","4","2019","2","4","61"
"000000003111","5","2019","2","4","681"
"000000020093","5","2019","2","4","276"
"000000020186","6","2019","2","4","605"
"000000020203","3","2019","2","4","3279"
"000000020257","5","2019","2","4","1244"
"000000020905","6","2019","2","4","1072"
"000000001022","7","2019","2","4","102"
"000000001035","5","2019","2","4","357"
"000000001611","6","2019","2","4","139"
"000000020861","3","2019","2","4","458"
"000000201081","1","2019","2","4","408"
"000000020301","5","2019","2","4","165"
"000000020076","7","2019","2","4","193"
"000000001592","6","2019","2","4","40"
"000000020113","3","2019","2","4","134"
"000000001782","5","2019","2","4","184"
"000000001502","0","2019","2","4","6"
"000000001541","1","2019","2","4","11"
"000000001781","1","2019","2","4","14"
"000000020211","0","2019","2","4","1"
"000000001042","2","2019","2","4","5092"
"000000001044","5","2019","2","4","1715"
"000000001112","3","2019","2","4","1793"
"000000001132","4","2019","2","4","136"
"000000001321","6","2019","2","4","622"
"000000001602","3","2019","2","4","481"
"000000001691","3","2019","2","4","717"
"000000003181","3","2019","2","4","1148"
"000000003804","6","2019","2","4","1692"
"000000020045","6","2019","2","4","1073"
"000000020094","6","2019","2","4","906"
"000000020204","2","2019","2","4","15032"
"000000020526","2","2019","2","4","11542"
"000000020906","6","2019","2","4","1016"
"000000001112","6","2019","2","4","461"
"000000020081","5","2019","2","4","265"
"000000001311","6","2019","2","4","82"
"000000020222","5","2019","2","4","551"
"000000020013","4","2019","2","4","412"
"000000020151","6","2019","2","4","285"
"000000200715","1","2019","2","4","4"
"000000020525","4","2019","2","4","176"
"000000020034","7","2019","2","4","65"
"000000003173","7","2019","2","4","58"
"000000020525","7","2019","2","4","58"
"000000001282","1","2019","2","4","21"
"000000020082","1","2019","2","4","27"
"000000202301","1","2019","2","4","19"
"000000001221","7","2019","2","4","19"
"000000001671","4","2019","2","4","3"
"000000031021","0","2019","2","4","1"
"000000020153","0","2019","2","4","3"
"000000001014","3","2019","2","4","14394"
"000000001044","6","2019","2","4","2894"
"000000001081","3","2019","2","4","4023"
"000000001201","5","2019","2","4","333"
"000000001712","2","2019","2","4","12084"
"000000003173","3","2019","2","4","1320"
"000000020042","5","2019","2","4","2725"
"000000020061","5","2019","2","4","385"
"000000020081","6","2019","2","4","439"
"000000020906","4","2019","2","4","111"
"000000200714","5","2019","2","4","196"
"000000201081","2","2019","2","4","31630"
"000000001055","3","2019","2","4","484"
"000000001121","5","2019","2","4","107"
"000000001781","2","2019","2","4","2187"
"000000020064","3","2019","2","4","1748"
"000000020093","3","2019","2","4","1100"
"000000020222","6","2019","2","4","555"
"000000001112","4","2019","2","4","118"
"000000020203","4","2019","2","4","235"
"000000001592","4","2019","2","4","15"
"000000001741","5","2019","2","4","147"
"000000200722","4","2019","2","4","144"
"000000020045","7","2019","2","4","82"
"000000001504","7","2019","2","4","396"
"000000020243","5","2019","2","4","351"
"000000200713","5","2019","2","4","981"
"000000001632","5","2019","2","4","102"
"000000001321","7","2019","2","4","106"
"000000020113","4","2019","2","4","24"
"000000200723","7","2019","2","4","201"
"000000001801","5","2019","2","4","177"
"000000001811","1","2019","2","4","18"
"000000020906","7","2019","2","4","88"
"000000020114","7","2019","2","4","106"
"000000020117","7","2019","2","4","51"
"000000001508","0","2019","2","4","23"
"000000001871","5","2019","2","4","39"
"000000001311","7","2019","2","4","7"
"000000001511","4","2019","2","4","10"
"000000001621","1","2019","2","4","16"
"000000020601","1","2019","2","4","4"
"000000020861","4","2019","2","4","16"
"000000001035","6","2019","2","4","1060"
"000000001092","6","2019","2","4","1314"
"000000001243","3","2019","2","4","820"
"000000001261","5","2019","2","4","179"
"000000001282","2","2019","2","4","11341"
"000000001312","6","2019","2","4","89"
"000000001505","5","2019","2","4","2714"
"000000003111","3","2019","2","4","2391"
"000000015012","5","2019","2","4","1107"
"000000020082","2","2019","2","4","4466"
"000000020114","4","2019","2","4","133"
"000000020222","3","2019","2","4","2177"
"000000020257","6","2019","2","4","1319"
"000000020257","3","2019","2","4","5183"
"000000200711","5","2019","2","4","123"
"000000200715","2","2019","2","4","8596"
"000000200811","4","2019","2","4","220"
"000000003804","7","2019","2","4","72"
"000000010113","5","2019","2","4","586"
"000000202301","2","2019","2","4","3327"
"000000020081","3","2019","2","4","1149"
"000000001311","4","2019","2","4","183"
"000000020301","3","2019","2","4","707"
"000000001611","7","2019","2","4","63"
"000000001812","6","2019","2","4","218"
"000000020151","4","2019","2","4","62"
"000000001506","1","2019","2","4","263"
"000000020047","7","2019","2","4","322"
"000000001782","3","2019","2","4","545"
"000000200721","7","2019","2","4","112"
"000000020094","7","2019","2","4","76"
"000000020905","7","2019","2","4","79"
"000000001023","1","2019","2","4","38"
"000000020023","7","2019","2","4","67"
"000000001691","4","2019","2","4","22"
"000000003181","4","2019","2","4","46"
"000000001591","7","2019","2","4","41"
"000000020186","7","2019","2","4","80"
"000000001025","4","2019","2","4","3"
"000000001624","1","2019","2","4","7"
"000000001011","1","2019","2","4","871"
"000000001033","6","2019","2","4","1918"
"000000001033","3","2019","2","4","6922"
"000000001034","3","2019","2","4","8756"
"000000001113","3","2019","2","4","7555"
"000000001151","2","2019","2","4","3673"
"000000001258","3","2019","2","4","7036"
"000000001651","3","2019","2","4","331"
"000000003171","2","2019","2","4","8442"
"000000020014","2","2019","2","4","29761"
"000000020016","3","2019","2","4","3028"
"000000020019","3","2019","2","4","5318"
"000000020087","5","2019","2","4","454"
"000000020118","3","2019","2","4","4656"
"000000020256","3","2019","2","4","4216"
"000000020801","2","2019","2","4","8026"
"000000201321","2","2019","2","4","17826"
"000000020085","5","2019","2","4","704"
"000000020172","4","2019","2","4","182"
"000000001056","3","2019","2","4","566"
"000000020254","5","2019","2","4","365"
"000000001253","1","2019","2","4","203"
"000000020182","4","2019","2","4","150"
"000000001242","4","2019","2","4","104"
"000000020242","4","2019","2","4","27"
"000000001252","1","2019","2","4","57"
"000000003172","4","2019","2","4","18"
"000000001222","1","2019","2","4","32"
"000000001701","1","2019","2","4","5"
"000000001031","7","2019","2","4","52"
"000000001057","4","2019","2","4","32"
"000000020242","7","2019","2","4","62"
"000000001831","1","2019","2","4","19"
"000000001052","7","2019","2","4","53"
"000000020073","7","2019","2","4","36"
"000000020907","1","2019","2","4","3"
"000000001522","1","2019","2","4","1"
"000000020721","4","2019","2","4","6"
"000000001714","4","2019","2","4","5"
"000000001211","3","2019","2","4","1409"
"000000003802","2","2019","2","4","10057"
"000000015010","3","2019","2","4","11721"
"000000020018","4","2019","2","4","274"
"000000020036","4","2019","2","4","43"
"000000020062","5","2019","2","4","595"
"000000020067","6","2019","2","4","121"
"000000020071","3","2019","2","4","11006"
"000000020078","6","2019","2","4","2837"
"000000020091","3","2019","2","4","2656"
"000000020091","6","2019","2","4","1398"
"000000020224","2","2019","2","4","4213"
"000000200171","3","2019","2","4","3928"
"000000001255","5","2019","2","4","972"
"000000020067","3","2019","2","4","405"
"000000001111","4","2019","2","4","163"
"000000001501","1","2019","2","4","327"
"000000001661","2","2019","2","4","1859"
"000000020524","3","2019","2","4","901"
"000000020671","2","2019","2","4","1803"
"000000001507","4","2019","2","4","210"
"000000015001","7","2019","2","4","216"
"000000020185","3","2019","2","4","1676"
"000000015001","4","2019","2","4","412"
"000000020075","7","2019","2","4","205"
"000000020252","4","2019","2","4","62"
"000000020523","5","2019","2","4","409"
"000000001012","1","2019","2","4","300"
"000000001173","4","2019","2","4","40"
"000000001051","7","2019","2","4","50"
"000000001051","4","2019","2","4","26"
"000000001173","7","2019","2","4","51"
"000000001717","3","2019","2","4","108"
"000000020183","1","2019","2","4","47"
"000000200812","1","2019","2","4","25"
"000000001723","7","2019","2","4","52"
"000000020182","7","2019","2","4","167"
"000000003182","1","2019","2","4","11"
"000000020255","1","2019","2","4","7"
"000000001722","7","2019","2","4","43"
"000000020033","1","2019","2","4","22"
"000000001681","4","2019","2","4","4"
"000000001761","1","2019","2","4","8"
"000000001022","6","2019","2","4","1176"
"000000001132","3","2019","2","4","2573"
"000000001506","7","2019","2","4","329"
"000000001524","2","2019","2","4","6094"
"000000001531","2","2019","2","4","4312"
"000000001712","3","2019","2","4","1235"
"000000003181","5","2019","2","4","282"
"000000020013","6","2019","2","4","3399"
"000000020034","6","2019","2","4","767"
"000000020065","2","2019","2","4","30165"
"000000020076","6","2019","2","4","3031"
"000000020511","2","2019","2","4","4853"
"000000031021","2","2019","2","4","1995"
"000000200718","4","2019","2","4","160"
"000000200723","5","2019","2","4","5906"
"000000020114","5","2019","2","4","588"
"000000020525","6","2019","2","4","302"
"000000020701","2","2019","2","4","1685"
"000000202103","2","2019","2","4","5013"
"000000020151","5","2019","2","4","222"
"000000001112","5","2019","2","4","316"
"000000001171","4","2019","2","4","57"
"000000200811","5","2019","2","4","1124"
"000000001811","4","2019","2","4","56"
"000000020906","5","2019","2","4","338"
"000000001131","4","2019","2","4","19"
"000000001511","5","2019","2","4","69"
"000000001592","5","2019","2","4","60"
"000000020611","1","2019","2","4","13"
"000000001621","7","2019","2","4","104"
"000000020181","4","2019","2","4","100"
"000000001552","4","2019","2","4","37"
"000000001621","4","2019","2","4","33"
"000000020526","1","2019","2","4","2"
"000000020113","5","2019","2","4","39"
"000000020621","1","2019","2","4","4"
"000000020075","0","2019","2","4","1"
"000000001054","4","2019","2","4","47"
"000000001223","6","2019","2","4","713"
"000000001321","2","2019","2","4","31965"
"000000001500","5","2019","2","4","4120"
"000000001509","5","2019","2","4","3853"
"000000001581","6","2019","2","4","97"
"000000001591","2","2019","2","4","5462"
"000000001611","2","2019","2","4","5085"
"000000020022","3","2019","2","4","4972"
"000000020044","5","2019","2","4","475"
"000000020047","2","2019","2","4","87705"
"000000020051","6","2019","2","4","531"
"000000020094","2","2019","2","4","8995"
"000000020115","4","2019","2","4","136"
"000000020905","2","2019","2","4","11295"
"000000020205","4","2019","2","4","183"
"000000200717","4","2019","2","4","131"
"000000001594","3","2019","2","4","222"
"000000001058","4","2019","2","4","36"
"000000020066","6","2019","2","4","9"
"000000001561","3","2019","2","4","757"
"000000001851","3","2019","2","4","459"
"000000001256","1","2019","2","4","91"
"000000020024","7","2019","2","4","55"
"000000020063","7","2019","2","4","117"
"000000001141","7","2019","2","4","100"
"000000001812","1","2019","2","4","141"
"000000001054","7","2019","2","4","39"
"000000001182","4","2019","2","4","106"
"000000020119","7","2019","2","4","70"
"000000001092","1","2019","2","4","10"
"000000001312","1","2019","2","4","61"
"000000001071","0","2019","2","4","19"
"000000020811","1","2019","2","4","5"
"000000020013","0","2019","2","4","1"
"000000001071","6","2019","2","4","3317"
"000000001133","6","2019","2","4","196"
"000000001521","2","2019","2","4","5595"
"000000001542","2","2019","2","4","2313"
"000000020171","2","2019","2","4","8570"
"000000020041","4","2019","2","4","413"
"000000200722","5","2019","2","4","916"
"000000001311","5","2019","2","4","153"
"000000001715","2","2019","2","4","4409"
"000000020186","5","2019","2","4","352"
"000000020203","5","2019","2","4","712"
"000000202104","4","2019","2","4","54"
"000000001508","1","2019","2","4","475"
"000000001691","5","2019","2","4","117"
"000000020092","1","2019","2","4","29"
"000000001811","7","2019","2","4","95"
"000000001023","4","2019","2","4","141"
"000000001624","7","2019","2","4","49"
"000000001221","6","2019","2","4","67"
"000000001671","3","2019","2","4","172"
"000000001803","4","2019","2","4","18"
"000000020601","7","2019","2","4","49"
"000000001172","1","2019","2","4","27"
"000000001101","1","2019","2","4","29"
"000000020812","1","2019","2","4","1"
"000000020087","0","2019","2","4","1"
"000000020254","0","2019","2","4","2"
"000000001054","6","2019","2","4","490"
"000000001055","2","2019","2","4","2972"
"000000001058","3","2019","2","4","335"
"000000001071","2","2019","2","4","52235"
"000000001081","2","2019","2","4","30158"
"000000001221","2","2019","2","4","10438"
"000000001261","4","2019","2","4","64"
"000000001321","1","2019","2","4","104"
"000000001751","3","2019","2","4","519"
"000000003173","2","2019","2","4","7186"
"000000020024","6","2019","2","4","775"
"000000020034","2","2019","2","4","9177"
"000000020064","2","2019","2","4","12040"
"000000020077","4","2019","2","4","365"
"000000020184","3","2019","2","4","3648"
"000000020205","3","2019","2","4","4236"
"000000020212","4","2019","2","4","186"
"000000020241","6","2019","2","4","900"
"000000200713","4","2019","2","4","225"
"000000200717","3","2019","2","4","2002"
"000000200811","1","2019","2","4","687"
"000000200714","4","2019","2","4","144"
"000000001045","3","2019","2","4","1218"
"000000020111","7","2019","2","4","217"
"000000020802","5","2019","2","4","261"
"000000001561","5","2019","2","4","343"
"000000010113","4","2019","2","4","119"
"000000200723","1","2019","2","4","134"
"000000001041","4","2019","2","4","85"
"000000020112","7","2019","2","4","208"
"000000200711","7","2019","2","4","52"
"000000201082","7","2019","2","4","46"
"000000020243","4","2019","2","4","83"
"000000020051","5","2019","2","4","150"
"000000001505","7","2019","2","4","364"
"000000001311","1","2019","2","4","88"
"000000001721","5","2019","2","4","103"
"000000020114","1","2019","2","4","87"
"000000001121","7","2019","2","4","42"
"000000001611","1","2019","2","4","39"
"000000001801","7","2019","2","4","52"
"000000001594","5","2019","2","4","43"
"000000020023","1","2019","2","4","18"
"000000020186","1","2019","2","4","7"
"000000001592","1","2019","2","4","7"
"000000020094","1","2019","2","4","10"
"000000001171","0","2019","2","4","2"
"000000001023","0","2019","2","4","1"
